Unit.UnitI,Unit.Taxon,Unit.Quali,Unit.Qua_1,Unit.Qua_2,Unit.Qua_3,Unit.Qua_4,Unit.Qua_5,Unit.Repor,Taxon.ID,Taxon.Scie,Taxon.Finn,Taxon.Engl,Taxon.Swed,Unit.NameA,Unit.Abund,Unit.Inter,Unit.Int_1,Unit.Recor,Unit.Detai,Unit.TypeS,Unit.Det,Unit.Sex,Unit.LifeS,Unit.Nativ,Unit.Breed,Unit.Indiv,Unit.Invas,Unit.Notes,Unit.Annot,Unit.Media,Gathering.,Gatherin_1,Gatherin_2,Gatherin_3,Gatherin_4,Gatherin_5,Gatherin_6,Gatherin_7,Gatherin_8,Gatherin_9,Gatherin10,Gatherin11,Gatherin12,Gatherin13,Gatherin14,Gatherin15,Gatherin16,Gatherin17,Gatherin18,Gatherin19,Gatherin20,Gatherin21,Gatherin22,Gatherin23,Gatherin24,Gatherin25,Gatherin26,Gatherin27,Gatherin28,Gatherin29,Gatherin30,Gatherin31,Gatherin32,Gatherin33,Gatherin34,Gatherin35,Gatherin36,Gatherin37,Gatherin38,Gatherin39,Gatherin40,Gatherin41,Gatherin42,Gatherin43,Gatherin44,Gatherin45,Gatherin46,Gatherin47,Gatherin48,Gatherin49,Gatherin50,Gatherin51,Gatherin52,Gatherin53,Gatherin54,Gatherin55,Gatherin56,Document.D,Document_1,Document_2,Document_3,Document.P,Document.C,Document.Q,Document_4,Document_5,Document_6,Document.S,Document.N,Document.K,Document.F,Document.L,Document_7,Document.M,Document_8,Document_9,B4,B2,B5,B3,B6,B7,B16,B17,B14,B15,B12,B13,B10,B11,B19,B8,B9,B18,B1
http://tun.fi/KE.67/1796805#Unit,SOMMOL,,,,RELIABLE,COLLECTION_QUALITY_RATING,,,http://tun.fi/MX.26419,Somateria mollissima,haahka,Common Eider,ejder,,1,,1,HUMAN_OBSERVATION_UNSPECIFIED,HUMAN_OBSERVATION_HANDLED,FALSE,,FEMALE,ADULT,,TRUE,http://tun.fi/A.AF20F5458554F9623FE5184EDFE7794B,,,0,0,http://tun.fi/KE.67/1796805#Gathering,,,,,,,,,,5/21/1993,5/21/1993,8,,1993-05-21 [8],,60.073949,60.0749,22.820909,22.822587,60.074424,22.821748,6669800,6669900,3267600,3267700,6666999,6667099,267524,267624,666,326,6669,3267,1900,1990,1993,5,21,141,141,100,REPORTED_VALUE,Suomi,Varsinais-Suomi (V),Kemiönsaari,COORDINATES,COORDINATES,COORDINATES,,FINLAND,KEMIÖ,,TURKU-PORI,,,0,http://tun.fi/KE.67/1796805,PUBLIC,NONE,CUSTOM,FALSE,http://tun.fi/HR.48,4,,,,http://tun.fi/KE.67,,,,,,,,0,7880,73,216,24,-86,302,204,101,32,29,619,73,158,-44,136,144,-12,183,53
http://tun.fi/KE.67/1798663#Unit,SOMMOL,,,,RELIABLE,COLLECTION_QUALITY_RATING,,,http://tun.fi/MX.26419,Somateria mollissima,haahka,Common Eider,ejder,,1,,1,HUMAN_OBSERVATION_UNSPECIFIED,HUMAN_OBSERVATION_HANDLED,FALSE,,,JUVENILE,,TRUE,http://tun.fi/A.A1322C8D614A699B6E383FF8E0C37509,,,0,0,http://tun.fi/KE.67/1798663#Gathering,,,,,,,,,,6/23/1996,6/23/1996,10,,1996-06-23 [10],,60.056328,60.057278,22.918409,22.920088,60.056803,22.919249,6667500,6667600,3272900,3273000,6664700,6664800,272822,272922,666,327,6667,3272,1900,1990,1996,6,23,175,175,100,REPORTED_VALUE,Suomi,Varsinais-Suomi (V),Salo,COORDINATES,COORDINATES,COORDINATES,,FINLAND,SÄRKISALO,,TURKU-PORI,,,0,http://tun.fi/KE.67/1798663,PUBLIC,NONE,CUSTOM,FALSE,http://tun.fi/HR.48,4,,,,http://tun.fi/KE.67,,,,,,,,0,7893,73,215,24,-87,302,205,99,31,30,617,73,157,-45,133,145,-13,184,53
http://tun.fi/KE.67/224354#Unit,SOMMOL,,,,RELIABLE,COLLECTION_QUALITY_RATING,,,http://tun.fi/MX.26419,Somateria mollissima,haahka,Common Eider,ejder,,1,,1,HUMAN_OBSERVATION_UNSPECIFIED,HUMAN_OBSERVATION_HANDLED,FALSE,,FEMALE,ADULT,,TRUE,http://tun.fi/A.F4C4D2D07E2D34873CA4AECBECAA65A4,,,0,0,http://tun.fi/KE.67/224354#Gathering,,,,,,,,,,5/21/1993,5/21/1993,12,,1993-05-21 [12],,60.077586,60.078538,22.822246,22.823925,60.078062,22.823085,6670200,6670300,3267700,3267800,6667399,6667499,267624,267724,667,326,6670,3267,1900,1990,1993,5,21,141,141,100,REPORTED_VALUE,Suomi,Varsinais-Suomi (V),Kemiönsaari,COORDINATES,COORDINATES,COORDINATES,,FINLAND,KEMIÖ,,TURKU-PORI,,,0,http://tun.fi/KE.67/224354,PUBLIC,NONE,CUSTOM,FALSE,http://tun.fi/HR.48,4,,,,http://tun.fi/KE.67,,,,,,,,0,7880,73,216,24,-86,302,204,101,32,29,619,73,158,-44,136,144,-12,183,53
http://tun.fi/KE.67/224381#Unit,SOMMOL,,,,RELIABLE,COLLECTION_QUALITY_RATING,,,http://tun.fi/MX.26419,Somateria mollissima,haahka,Common Eider,ejder,,1,,1,HUMAN_OBSERVATION_UNSPECIFIED,HUMAN_OBSERVATION_HANDLED,FALSE,,FEMALE,ADULT,,TRUE,http://tun.fi/A.9C706CF3730B8770938B7A3F6F1947FE,,,0,0,http://tun.fi/KE.67/224381#Gathering,,,,,,,,,,6/10/1995,6/10/1995,13,,1995-06-10 [13],,60.07311,60.074062,22.822813,22.824491,60.073586,22.823652,6669700,6669800,3267700,3267800,6666900,6666999,267624,267724,666,326,6669,3267,1900,1990,1995,6,10,161,161,100,REPORTED_VALUE,Suomi,Varsinais-Suomi (V),Kemiönsaari,COORDINATES,COORDINATES,COORDINATES,,FINLAND,KEMIÖ,,TURKU-PORI,,,0,http://tun.fi/KE.67/224381,PUBLIC,NONE,CUSTOM,FALSE,http://tun.fi/HR.48,4,,,,http://tun.fi/KE.67,,,,,,,,0,7880,73,216,24,-86,302,204,101,32,29,619,73,158,-44,136,144,-12,183,53
http://tun.fi/KE.67/2682199#Unit,SOMMOL,,,,RELIABLE,COLLECTION_QUALITY_RATING,,,http://tun.fi/MX.26419,Somateria mollissima,haahka,Common Eider,ejder,,1,,1,HUMAN_OBSERVATION_UNSPECIFIED,HUMAN_OBSERVATION_HANDLED,FALSE,,FEMALE,ADULT,,TRUE,http://tun.fi/A.BA59839FEDEFD792CD52DD5E469AEE22,,,0,0,http://tun.fi/KE.67/2682199#Gathering,,,,,,,,,,5/9/2004,5/9/2004,,,5/9/2004,,59.829096,59.830043,23.192619,23.194295,59.82957,23.193457,6641300,6641400,3286700,3286800,6638511,6638611,286616,286716,664,328,6641,3286,2000,2000,2004,5,9,130,130,100,REPORTED_VALUE,Suomi,Uusimaa (U),Hanko,COORDINATES,COORDINATES,COORDINATES,,FINLAND,HANKO,,UUSIMAA,FARSKITGRUNDET,,0,http://tun.fi/KE.67/2682199,PUBLIC,NONE,CUSTOM,FALSE,http://tun.fi/HR.48,4,,,,http://tun.fi/KE.67,,,,,9/20/2004,,,0,7893,71,214,23,-86,300,202,94,29,31,601,71,158,-44,125,145,-13,180,54
http://tun.fi/KE.67/3401641#Unit,SOMMOL,,,,RELIABLE,COLLECTION_QUALITY_RATING,,,http://tun.fi/MX.26419,Somateria mollissima,haahka,Common Eider,ejder,,1,,1,HUMAN_OBSERVATION_UNSPECIFIED,HUMAN_OBSERVATION_HANDLED,FALSE,,FEMALE,ADULT,,TRUE,http://tun.fi/A.B60301230F594FCFEB6F827366D2650A,,,0,0,http://tun.fi/KE.67/3401641#Gathering,,,,,,,,,,6/1/2010,6/1/2010,13,,2010-06-01 [13],,63.980855,63.981799,23.521299,23.523226,63.981327,23.522263,7102500,7102600,3329900,3330000,7099526,7099626,329797,329897,710,332,7102,3329,2000,2010,2010,6,1,152,152,100,REPORTED_VALUE,Suomi,Keski-Pohjanmaa (KP),Kokkola,COORDINATES,COORDINATES,COORDINATES,,FINLAND,KOKKOLA,,VAASA,,,0,http://tun.fi/KE.67/3401641,PUBLIC,NONE,CUSTOM,FALSE,http://tun.fi/HR.48,4,,,,http://tun.fi/KE.67,,,,,9/13/2010,,,0,8824,86,206,24,-141,347,191,86,28,30,537,72,140,-88,106,125,-47,175,23
http://tun.fi/KE.67/4269678#Unit,SOMMOL,,,,RELIABLE,COLLECTION_QUALITY_RATING,,,http://tun.fi/MX.26419,Somateria mollissima,haahka,Common Eider,ejder,,1,,1,HUMAN_OBSERVATION_UNSPECIFIED,HUMAN_OBSERVATION_HANDLED,FALSE,,,JUVENILE,,TRUE,http://tun.fi/A.5D8EF0EEB416E06E82082012FEB6E4E7,,,0,0,http://tun.fi/KE.67/4269678#Gathering,,,,,,,,,,5/21/1993,5/21/1993,,,5/21/1993,,60.073949,60.0749,22.820909,22.822587,60.074424,22.821748,6669800,6669900,3267600,3267700,6666999,6667099,267524,267624,666,326,6669,3267,1900,1990,1993,5,21,141,141,100,REPORTED_VALUE,Suomi,Varsinais-Suomi (V),Kemiönsaari,COORDINATES,COORDINATES,COORDINATES,,FINLAND,KEMIÖ,,TURKU-PORI,,,0,http://tun.fi/KE.67/4269678,PUBLIC,NONE,CUSTOM,FALSE,http://tun.fi/HR.48,4,,,,http://tun.fi/KE.67,,,,,,,,0,7880,73,216,24,-86,302,204,101,32,29,619,73,158,-44,136,144,-12,183,53
http://tun.fi/KE.67/4269679#Unit,SOMMOL,,,,RELIABLE,COLLECTION_QUALITY_RATING,,,http://tun.fi/MX.26419,Somateria mollissima,haahka,Common Eider,ejder,,1,,1,HUMAN_OBSERVATION_UNSPECIFIED,HUMAN_OBSERVATION_HANDLED,FALSE,,,JUVENILE,,TRUE,http://tun.fi/A.00AF5F0663B367FA74A1D6AF275B6D40,,,0,0,http://tun.fi/KE.67/4269679#Gathering,,,,,,,,,,5/21/1993,5/21/1993,,,5/21/1993,,60.073949,60.0749,22.820909,22.822587,60.074424,22.821748,6669800,6669900,3267600,3267700,6666999,6667099,267524,267624,666,326,6669,3267,1900,1990,1993,5,21,141,141,100,REPORTED_VALUE,Suomi,Varsinais-Suomi (V),Kemiönsaari,COORDINATES,COORDINATES,COORDINATES,,FINLAND,KEMIÖ,,TURKU-PORI,,,0,http://tun.fi/KE.67/4269679,PUBLIC,NONE,CUSTOM,FALSE,http://tun.fi/HR.48,4,,,,http://tun.fi/KE.67,,,,,,,,0,7880,73,216,24,-86,302,204,101,32,29,619,73,158,-44,136,144,-12,183,53
http://tun.fi/KE.67/8162893#Unit,SOMMOL,,,,,,,,http://tun.fi/MX.26419,Somateria mollissima,haahka,Common Eider,ejder,,1,,1,HUMAN_OBSERVATION_UNSPECIFIED,HUMAN_OBSERVATION_HANDLED,FALSE,,FEMALE,ADULT,,,http://tun.fi/A.D4C3B15AB8A3BF240AD8CB17FAEBACB6,,,0,0,http://tun.fi/KE.67/8162893#Gathering,,,,,,,,,,6/30/1987,6/30/1987,,,6/30/1987,,60.22009,60.221012,25.190888,25.192642,60.220551,25.191765,6680100,6680200,3399900,3400000,6677296,6677396,399771,399871,,,,,1900,1980,1987,6,30,181,181,100,REPORTED_VALUE,,,,COORDINATES,COORDINATES,COORDINATES,,FINLAND,HELSINKI,,UUSIMAA,,,0,http://tun.fi/KE.67/8162893,PUBLIC,NONE,,FALSE,http://tun.fi/HR.48,,,,,http://tun.fi/KE.67,,,,,,,,0,8208,65,208,21,-93,301,221,103,32,31,646,78,157,-54,132,104,-18,195,49
http://tun.fi/KE.8/1085125#7,haahka,,,,NEUTRAL,,,,http://tun.fi/MX.26419,Somateria mollissima,haahka,Common Eider,ejder,,6,,6,HUMAN_OBSERVATION_UNSPECIFIED,HUMAN_OBSERVATION_UNSPECIFIED,FALSE,,,,,,,,,0,0,http://tun.fi/KE.8/1085125#1,,,,,,,,,,4/21/2013,4/21/2013,13,,2013-04-21 [13:30],"Selin, Pentti",60.835763,60.835763,21.252021,21.252021,60.835763,21.252021,6761024,6761025,3187832,3187833,6758186,6758187,187788,187789,676,318,6761,3187,2000,2010,2013,4,21,111,111,1,REPORTED_VALUE,Suomi,Varsinais-Suomi (V),Uusikaupunki,COORDINATES,COORDINATES,COORDINATES,,Suomi,,,,"Uusikaupunki, Korsaari",,0,http://tun.fi/KE.8/1085125,PUBLIC,NONE,,FALSE,http://tun.fi/HR.447,2,,,,http://tun.fi/KE.8,,,,,,,,0,7744,74,208,24,-91,299,200,99,32,29,605,73,150,-48,136,138,32,175,46
http://tun.fi/KE.8/1173081#2,haahka,,,,NEUTRAL,,,,http://tun.fi/MX.26419,Somateria mollissima,haahka,Common Eider,ejder,,1,,1,HUMAN_OBSERVATION_UNSPECIFIED,HUMAN_OBSERVATION_UNSPECIFIED,FALSE,,,,,,,,naaras,0,0,http://tun.fi/KE.8/1173081#1,,,,,,,,,,3/13/1982,3/13/1982,,,3/13/1982,"Aro, Seppo; Kalska, Esa, Mellberg Timo",61.47066,61.47066,23.536633,23.536633,61.47066,23.536633,6822976,6822977,3315616,3315617,6820114,6820115,315520,315521,682,331,6822,3315,1900,1980,1982,3,13,72,72,1,REPORTED_VALUE,Suomi,Etelä-Häme (EH),Nokia,COORDINATES,COORDINATES,COORDINATES,,Suomi,Nokia,,,Nokianvirran suu,,0,http://tun.fi/KE.8/1173081,PUBLIC,NONE,,FALSE,http://tun.fi/HR.447,2,,,,http://tun.fi/KE.8,,,,,,,,0,8752,82,213,24,-124,337,211,88,26,33,583,77,151,-75,108,135,-34,204,38
http://tun.fi/KE.8/1193829#2,haahka,,,,NEUTRAL,,,,http://tun.fi/MX.26419,Somateria mollissima,haahka,Common Eider,ejder,,6,,6,HUMAN_OBSERVATION_UNSPECIFIED,HUMAN_OBSERVATION_UNSPECIFIED,FALSE,,,,,,,,"p, 1k, 5n",0,0,http://tun.fi/KE.8/1193829#1,,,,,,,,,,5/17/1984,5/17/1984,,,5/17/1984,"Puumalainen, Kari",60.941747,60.941747,26.103137,26.103137,60.941747,26.103137,6759467,6759468,3451555,3451556,6756631,6756632,451405,451406,675,345,6759,3451,1900,1980,1984,5,17,138,138,1,REPORTED_VALUE,Suomi,Etelä-Häme (EH),Iitti,COORDINATES,COORDINATES,COORDINATES,,Suomi,Iitti,,,"Säyhtee, Selkojärvi",,0,http://tun.fi/KE.8/1193829,PUBLIC,NONE,,FALSE,http://tun.fi/HR.447,2,,,,http://tun.fi/KE.8,,,,,,,,0,8627,73,214,22,-110,324,219,102,32,30,633,81,155,-68,126,138,-26,199,42
http://tun.fi/KE.8/1197881#3,haahka,,,,NEUTRAL,,,,http://tun.fi/MX.26419,Somateria mollissima,haahka,Common Eider,ejder,,15,,15,HUMAN_OBSERVATION_UNSPECIFIED,HUMAN_OBSERVATION_UNSPECIFIED,FALSE,,,,,,,,"8/7 uimassa, lisäksi taivaalla haahkamaisia jonoja muuttolennossa",0,0,http://tun.fi/KE.8/1197881#1,,,,,,,,,,4/3/2017,4/3/2017,,,4/3/2017,"Kallio, Seppo",60.427921,60.427921,22.200247,22.200247,60.427921,22.200247,6711516,6711517,3235968,3235969,6708699,6708700,235904,235905,671,323,6711,3235,2000,2010,2017,4,3,93,93,1,REPORTED_VALUE,Suomi,Varsinais-Suomi (V),Turku,COORDINATES,COORDINATES,COORDINATES,,Suomi,,,,"Turku, Pikisaari, Fregattikatu 3",,0,http://tun.fi/KE.8/1197881,PUBLIC,NONE,,TRUE,http://tun.fi/HR.447,2,,,,http://tun.fi/KE.8,,,,,,,,0,7927,75,216,24,-88,304,211,110,34,27,667,77,157,-46,161,107,38,189,52
http://tun.fi/KE.8/1198009#2,haahka,,,,NEUTRAL,,,,http://tun.fi/MX.26419,Somateria mollissima,haahka,Common Eider,ejder,,25,,25,HUMAN_OBSERVATION_UNSPECIFIED,HUMAN_OBSERVATION_UNSPECIFIED,FALSE,,,,,,,,"16/9 uimassa ja rannalla. Koiraiden huuto kuuluu pihalle, vaikka tontti ei ole rannalla.",0,0,http://tun.fi/KE.8/1198009#1,,,,,,,,,,4/5/2017,4/5/2017,,,4/5/2017,"Kallio, Seppo",60.427921,60.427921,22.200247,22.200247,60.427921,22.200247,6711516,6711517,3235968,3235969,6708699,6708700,235904,235905,671,323,6711,3235,2000,2010,2017,4,5,95,95,1,REPORTED_VALUE,Suomi,Varsinais-Suomi (V),Turku,COORDINATES,COORDINATES,COORDINATES,,Suomi,,,,"Turku, Pikisaari, Fregattikatu 3",,0,http://tun.fi/KE.8/1198009,PUBLIC,NONE,,TRUE,http://tun.fi/HR.447,2,,,,http://tun.fi/KE.8,,,,,,,,0,7927,75,216,24,-88,304,211,110,34,27,667,77,157,-46,161,107,38,189,52
http://tun.fi/KE.8/1198608#9,haahka,,,,NEUTRAL,,,,http://tun.fi/MX.26419,Somateria mollissima,haahka,Common Eider,ejder,,7,,7,HUMAN_OBSERVATION_UNSPECIFIED,HUMAN_OBSERVATION_UNSPECIFIED,FALSE,,,,,,,,1-Jun,0,0,http://tun.fi/KE.8/1198608#1,,,,,,,,,,4/18/2017,4/18/2017,,,4/18/2017,"Kallio, Seppo",60.427921,60.427921,22.200247,22.200247,60.427921,22.200247,6711516,6711517,3235968,3235969,6708699,6708700,235904,235905,671,323,6711,3235,2000,2010,2017,4,18,108,108,1,REPORTED_VALUE,Suomi,Varsinais-Suomi (V),Turku,COORDINATES,COORDINATES,COORDINATES,,Suomi,,,,"Turku, Pikisaari, Fregattikatu 3",,0,http://tun.fi/KE.8/1198608,PUBLIC,NONE,,FALSE,http://tun.fi/HR.447,2,,,,http://tun.fi/KE.8,,,,,,,,0,7927,75,216,24,-88,304,211,110,34,27,667,77,157,-46,161,107,38,189,52
http://tun.fi/KE.8/1200223#12,haahka,,,,NEUTRAL,,,,http://tun.fi/MX.26419,Somateria mollissima,haahka,Common Eider,ejder,,3,,3,HUMAN_OBSERVATION_UNSPECIFIED,HUMAN_OBSERVATION_UNSPECIFIED,FALSE,,,,,,,,koiraita,0,0,http://tun.fi/KE.8/1200223#1,,,,,,,,,,5/14/2017,5/14/2017,,,5/14/2017,"Kallio, Seppo",60.427921,60.427921,22.200247,22.200247,60.427921,22.200247,6711516,6711517,3235968,3235969,6708699,6708700,235904,235905,671,323,6711,3235,2000,2010,2017,5,14,134,134,1,REPORTED_VALUE,Suomi,Varsinais-Suomi (V),Turku,COORDINATES,COORDINATES,COORDINATES,,Suomi,,,,"Turku, Pikisaari, Fregattikatu 3",,0,http://tun.fi/KE.8/1200223,PUBLIC,NONE,,TRUE,http://tun.fi/HR.447,2,,,,http://tun.fi/KE.8,,,,,,,,0,7927,75,216,24,-88,304,211,110,34,27,667,77,157,-46,161,107,38,189,52
http://tun.fi/KE.8/1201090#4,haahka,,,,NEUTRAL,,,,http://tun.fi/MX.26419,Somateria mollissima,haahka,Common Eider,ejder,,1,,1,HUMAN_OBSERVATION_UNSPECIFIED,HUMAN_OBSERVATION_UNSPECIFIED,FALSE,,,,,,,,koiras uimassa,0,0,http://tun.fi/KE.8/1201090#1,,,,,,,,,,5/25/2017,5/25/2017,,,5/25/2017,"Kallio, Seppo",60.427921,60.427921,22.200247,22.200247,60.427921,22.200247,6711516,6711517,3235968,3235969,6708699,6708700,235904,235905,671,323,6711,3235,2000,2010,2017,5,25,145,145,1,REPORTED_VALUE,Suomi,Varsinais-Suomi (V),Turku,COORDINATES,COORDINATES,COORDINATES,,Suomi,,,,"Turku, Pikisaari, Fregattikatu 3",,0,http://tun.fi/KE.8/1201090,PUBLIC,NONE,,FALSE,http://tun.fi/HR.447,2,,,,http://tun.fi/KE.8,,,,,,,,0,7927,75,216,24,-88,304,211,110,34,27,667,77,157,-46,161,107,38,189,52
http://tun.fi/KE.8/1201558#2,haahka,,,,NEUTRAL,,,,http://tun.fi/MX.26419,Somateria mollissima,haahka,Common Eider,ejder,,6,,6,HUMAN_OBSERVATION_UNSPECIFIED,HUMAN_OBSERVATION_UNSPECIFIED,FALSE,,,,,,,,vanhojen naaraiden parvi uimassa,0,0,http://tun.fi/KE.8/1201558#1,,,,,,,,,,6/3/2017,6/3/2017,,,6/3/2017,"Kallio, Seppo",60.427921,60.427921,22.200247,22.200247,60.427921,22.200247,6711516,6711517,3235968,3235969,6708699,6708700,235904,235905,671,323,6711,3235,2000,2010,2017,6,3,154,154,1,REPORTED_VALUE,Suomi,Varsinais-Suomi (V),Turku,COORDINATES,COORDINATES,COORDINATES,,Suomi,,,,"Turku, Pikisaari, Fregattikatu 3",,0,http://tun.fi/KE.8/1201558,PUBLIC,NONE,,FALSE,http://tun.fi/HR.447,2,,,,http://tun.fi/KE.8,,,,,,,,0,7927,75,216,24,-88,304,211,110,34,27,667,77,157,-46,161,107,38,189,52
http://tun.fi/MHU.1207979,sommol,,,,NEUTRAL,,,,http://tun.fi/MX.26419,Somateria mollissima,haahka,Common Eider,ejder,,8,,8,HUMAN_OBSERVATION_UNSPECIFIED,HUMAN_OBSERVATION_UNSPECIFIED,FALSE,,,,,,,,ATL:5 GRI:67108:32338 1kn,0,0,http://tun.fi/MHG.1207974#2,,,,,,,,,,5/19/2006,5/19/2006,,,5/19/2006,"Multala, Vesa",60.420096,60.421056,22.161978,22.163654,60.420576,22.162816,6710800,6710900,3233800,3233900,6707983,6708083,233737,233837,671,323,6710,3233,2000,2000,2006,5,19,139,139,100,REPORTED_VALUE,Suomi,Varsinais-Suomi (V),Turku,COORDINATES,COORDINATES,COORDINATES,,Suomi,Turku,,,Pikku-Pukki,,0,http://tun.fi/MHD.108896,PUBLIC,NONE,,FALSE,http://tun.fi/HR.447,2,,,,http://tun.fi/KE.7,,,,,,,,0,7911,75,217,24,-87,304,210,109,34,27,663,77,157,-45,160,107,38,188,52
http://tun.fi/MHU.24482091,sommol,,,,NEUTRAL,,,,http://tun.fi/MX.26419,Somateria mollissima,haahka,Common Eider,ejder,,10,,10,HUMAN_OBSERVATION_UNSPECIFIED,HUMAN_OBSERVATION_UNSPECIFIED,FALSE,,,,,,,,ATL:82 GRI:6805000:3205000,0,0,http://tun.fi/MHG.24482086#2,,,,,,,,,,5/28/2009,5/29/2009,,,2009-05-28 - 2009-05-29,"Alho, Pekka",61.241727,61.241737,21.498385,21.498402,61.241732,21.498393,6805000,6805001,3205000,3205001,6802145,6802146,204948,204949,680,320,6805,3205,2000,2000,2009,5,,148,149,1,REPORTED_VALUE,Suomi,Satakunta (St),Eurajoki,COORDINATES,COORDINATES,COORDINATES,,Suomi,Eurajoki,,,,,0,http://tun.fi/MHD.1188864,PUBLIC,NONE,,TRUE,http://tun.fi/HR.447,2,,,,http://tun.fi/KE.7,,,,,,,,0,7904,77,209,25,-98,307,204,100,33,29,607,75,150,-53,134,137,-20,181,45
http://tun.fi/MHU.25081497,som mol,,,,NEUTRAL,,,,http://tun.fi/MX.26419,Somateria mollissima,haahka,Common Eider,ejder,,,,,HUMAN_OBSERVATION_UNSPECIFIED,HUMAN_OBSERVATION_UNSPECIFIED,FALSE,,,,,,,,ATL:82 GRI:6725000:3215000,0,0,http://tun.fi/MHG.25081493#2,,,,,,,,,,6/20/2009,6/20/2009,,,6/20/2009,"Sillanpää, Jukka",60.534209,60.534218,21.801782,21.801799,60.534213,21.80179,6725000,6725001,3215000,3215001,6722177,6722178,214945,214946,672,321,6725,3215,2000,2000,2009,6,20,171,171,1,REPORTED_VALUE,Suomi,Varsinais-Suomi (V),Naantali,COORDINATES,COORDINATES,COORDINATES,,Suomi,,,,,,0,http://tun.fi/MHD.1215896,PUBLIC,NONE,,FALSE,http://tun.fi/HR.447,2,,,,http://tun.fi/KE.7,,,,,,,,0,7844,74,213,24,-88,301,206,105,33,28,639,75,155,-46,150,105,37,182,51
http://tun.fi/MHU.27204807,haahka,,,,NEUTRAL,,,,http://tun.fi/MX.26419,Somateria mollissima,haahka,Common Eider,ejder,,8,,8,HUMAN_OBSERVATION_UNSPECIFIED,HUMAN_OBSERVATION_UNSPECIFIED,FALSE,,,,,,,,ATL:8 GRI:6749435:3174466,0,0,http://tun.fi/MHG.27204802#2,,,,,,,,,,6/6/2009,6/7/2009,,,2009-06-06 - 2009-06-07,"Viitalaakso-Kaasalainen, Anne",60.72161,60.72162,21.026938,21.026955,60.721615,21.026947,6749435,6749436,3174466,3174467,6746602,6746603,174427,174428,674,317,6749,3174,2000,2000,2009,6,,157,158,1,REPORTED_VALUE,Suomi,Varsinais-Suomi (V),Kustavi,COORDINATES,COORDINATES,COORDINATES,,Suomi,Kustavi,,,Isokari,,0,http://tun.fi/MHD.1308105,PUBLIC,NONE,,TRUE,http://tun.fi/HR.447,2,,,,http://tun.fi/KE.7,,,,,,,,0,7689,73,206,24,-89,295,199,96,31,30,592,72,150,-47,132,101,32,170,47
http://tun.fi/MHU.29128356,haahka,,,,NEUTRAL,,,,http://tun.fi/MX.26419,Somateria mollissima,haahka,Common Eider,ejder,,4,,4,HUMAN_OBSERVATION_UNSPECIFIED,HUMAN_OBSERVATION_UNSPECIFIED,FALSE,,,,,,,,ATL:5 GRI:66590:33617,0,0,http://tun.fi/MHG.29128336#16,,,,,,,,,,5/2/2010,5/2/2010,,,5/2/2010,"mäenpää, asko",60.019702,60.020633,24.516609,24.518333,60.020167,24.517471,6659000,6659100,3361700,3361800,6656204,6656304,361586,361686,665,336,6659,3361,2000,2010,2010,5,2,122,122,100,REPORTED_VALUE,Suomi,Uusimaa (U),Kirkkonummi,COORDINATES,COORDINATES,COORDINATES,,Suomi,kirkkonummi,,,stora mickelskären,,0,http://tun.fi/MHD.1490259,PUBLIC,NONE,,FALSE,http://tun.fi/HR.447,2,,,,http://tun.fi/KE.7,,,,,,,,0,8007,68,212,22,-87,299,221,97,30,32,636,78,159,-46,128,146,-15,199,53
http://tun.fi/MHU.29134577,sommol,,,,NEUTRAL,,,,http://tun.fi/MX.26419,Somateria mollissima,haahka,Common Eider,ejder,,,,,HUMAN_OBSERVATION_UNSPECIFIED,HUMAN_OBSERVATION_UNSPECIFIED,FALSE,,,,,,,,ATL:82 GRI:6725000:3205000,0,0,http://tun.fi/MHG.29134571#4,,,,,,,,,,5/3/2010,5/3/2010,,,5/3/2010,"Lindroos, Rami",60.527006,60.527015,21.620423,21.620439,60.527011,21.620431,6725000,6725001,3205000,3205001,6722177,6722178,204949,204950,672,320,6725,3205,2000,2010,2010,5,3,123,123,1,REPORTED_VALUE,Suomi,Varsinais-Suomi (V),Taivassalo,COORDINATES,COORDINATES,COORDINATES,,Suomi,,,,,,0,http://tun.fi/MHD.1491589,PUBLIC,NONE,,TRUE,http://tun.fi/HR.447,2,,,,http://tun.fi/KE.7,,,,,,,,0,7756,74,210,24,-88,298,204,102,32,28,627,74,152,-46,146,103,35,179,49
http://tun.fi/MHU.29305577,haahka,,,,NEUTRAL,,,,http://tun.fi/MX.26419,Somateria mollissima,haahka,Common Eider,ejder,,runsas,,,HUMAN_OBSERVATION_UNSPECIFIED,HUMAN_OBSERVATION_UNSPECIFIED,FALSE,,,,,,,,"ATL:1 GRI:6648716:3283156 parikymmentä molempia, kuva",0,0,http://tun.fi/MHG.29305565#7,,,,,,,,,,4/23/2010,4/25/2010,,,2010-04-23 - 2010-04-25,"Koho, Anu; Anu Koho, Reino Koho",59.893667,59.893677,23.121841,23.121858,59.893672,23.121849,6648716,6648717,3283156,3283157,6645924,6645925,283074,283075,664,328,6648,3283,2000,2010,2010,4,,113,115,1,REPORTED_VALUE,Suomi,Varsinais-Suomi (V),Hanko,COORDINATES,COORDINATES,COORDINATES,,Suomi,Hanko,,,Bengtsår-saari ympäristöineen,,0,http://tun.fi/MHD.1502833,PUBLIC,NONE,,TRUE,http://tun.fi/HR.447,2,,,,http://tun.fi/KE.7,,,,,,,,0,7911,72,215,23,-86,301,202,96,30,30,604,71,158,-44,127,145,-13,180,54
http://tun.fi/MHU.29328117,haahka,,,,NEUTRAL,,,,http://tun.fi/MX.26419,Somateria mollissima,haahka,Common Eider,ejder,,satoja,,,HUMAN_OBSERVATION_UNSPECIFIED,HUMAN_OBSERVATION_UNSPECIFIED,FALSE,,,,,,,,GRI:6679187:3200645,0,0,http://tun.fi/MHG.29328110#2,,,,,,,,,,5/15/2010,5/15/2010,,,5/15/2010,"Rissanen, Vuokko",60.114452,60.114462,21.609562,21.609579,60.114457,21.609571,6679187,6679188,3200645,3200646,6676382,6676383,200596,200597,667,320,6679,3200,2000,2010,2010,5,15,135,135,1,REPORTED_VALUE,Suomi,Varsinais-Suomi (V),Parainen,COORDINATES,COORDINATES,COORDINATES,,Suomi,"Korppoo, Nauvo",V,,Korpoström - Yxskär,,0,http://tun.fi/MHD.1507864,PUBLIC,NONE,,TRUE,http://tun.fi/HR.447,2,,,,http://tun.fi/KE.7,,,,,,,,0,7653,72,210,24,-83,293,203,100,32,29,619,72,153,-42,144,105,37,173,51
http://tun.fi/MHU.29362411,haahka,,,,NEUTRAL,,,,http://tun.fi/MX.26419,Somateria mollissima,haahka,Common Eider,ejder,,2,,2,HUMAN_OBSERVATION_UNSPECIFIED,HUMAN_OBSERVATION_UNSPECIFIED,FALSE,,,,,,,,ATL:75 GRI:66590:33618,0,0,http://tun.fi/MHG.29362387#20,,,,,,,,,,5/23/2010,5/23/2010,,,5/23/2010,"mäenpää, asko",60.019736,60.020666,24.5184,24.520125,60.020201,24.519262,6659000,6659100,3361800,3361900,6656204,6656304,361686,361786,665,336,6659,3361,2000,2010,2010,5,23,143,143,100,REPORTED_VALUE,Suomi,Uusimaa (U),Kirkkonummi,COORDINATES,COORDINATES,COORDINATES,,Suomi,kirkkonummi,,,"Stora,Mickrlskären",,0,http://tun.fi/MHD.1512790,PUBLIC,NONE,,TRUE,http://tun.fi/HR.447,2,,,,http://tun.fi/KE.7,,,,,,,,0,8007,68,212,22,-87,299,221,97,30,32,636,78,159,-46,128,146,-15,199,53
http://tun.fi/MHU.29365369,sommol,,,,NEUTRAL,,,,http://tun.fi/MX.26419,Somateria mollissima,haahka,Common Eider,ejder,,,,,HUMAN_OBSERVATION_UNSPECIFIED,HUMAN_OBSERVATION_UNSPECIFIED,FALSE,,,,,,,,ATL:3 GRI:6661649:3267234,0,0,http://tun.fi/MHG.29365346#19,,,,,,,,,,5/23/2010,5/23/2010,,,5/23/2010,"Pasanen, Esko",60.000776,60.000785,22.82359,22.823607,60.000781,22.823598,6661649,6661650,3267234,3267235,6658852,6658853,267158,267159,666,326,6661,3267,2000,2010,2010,5,23,143,143,1,REPORTED_VALUE,Suomi,Varsinais-Suomi (V),Raasepori,COORDINATES,COORDINATES,COORDINATES,,Suomi,Tammisaari,,,"Padva, Söderkulla",,0,http://tun.fi/MHD.1513313,PUBLIC,NONE,,TRUE,http://tun.fi/HR.447,2,,,,http://tun.fi/KE.7,,,,,,,,0,7883,73,214,24,-86,300,203,101,32,29,619,72,157,-45,135,144,-13,182,53
http://tun.fi/MHU.29395140,haahka,,,,NEUTRAL,,,,http://tun.fi/MX.26419,Somateria mollissima,haahka,Common Eider,ejder,,6,,6,HUMAN_OBSERVATION_UNSPECIFIED,HUMAN_OBSERVATION_UNSPECIFIED,FALSE,,,,,,,,ATL:73 GRI:66567:33603,0,0,http://tun.fi/MHG.29395120#16,,,,,,,,,,5/30/2010,5/30/2010,,,5/30/2010,"mäenpää, asko",59.998604,59.999535,24.493091,24.494813,59.99907,24.493952,6656700,6656800,3360300,3360400,6653905,6654005,360187,360287,665,336,6656,3360,2000,2010,2010,5,30,150,150,100,REPORTED_VALUE,Suomi,Uusimaa (U),Kirkkonummi,COORDINATES,COORDINATES,COORDINATES,,Suomi,"kirkkonummi,stora Mickelskäre",,,,,0,http://tun.fi/MHD.1517946,PUBLIC,NONE,,FALSE,http://tun.fi/HR.447,2,,,,http://tun.fi/KE.7,,,,,,,,0,7988,68,212,22,-87,299,221,97,30,32,636,78,158,-46,128,146,-15,199,53
http://tun.fi/MHU.1638091,sommol,,,,NEUTRAL,,,,http://tun.fi/MX.26419,Somateria mollissima,haahka,Common Eider,ejder,,20,,20,HUMAN_OBSERVATION_UNSPECIFIED,HUMAN_OBSERVATION_UNSPECIFIED,FALSE,,,,,,,,GRI:6712951:3231018 p,0,0,http://tun.fi/MHG.1638085#3,,,,,,,,,,8/9/2006,8/9/2006,,,8/9/2006,"Multala, Vesa",60.43749,60.437499,22.108768,22.108785,60.437494,22.108777,6712951,6712952,3231018,3231019,6710133,6710134,230956,230957,671,323,6712,3231,2000,2000,2006,8,9,221,221,1,REPORTED_VALUE,Suomi,Varsinais-Suomi (V),Turku,COORDINATES,COORDINATES,COORDINATES,,Suomi,Turku,,,Äijäkari,,0,http://tun.fi/MHD.165801,PUBLIC,NONE,,FALSE,http://tun.fi/HR.447,2,,,,http://tun.fi/KE.7,,,,,,,,0,7868,75,216,24,-87,303,211,108,33,27,661,77,157,-45,159,107,38,187,52
http://tun.fi/MHU.2705627,haahka,,,,NEUTRAL,,,,http://tun.fi/MX.26419,Somateria mollissima,haahka,Common Eider,ejder,,1-Jan,,2,HUMAN_OBSERVATION_UNSPECIFIED,HUMAN_OBSERVATION_UNSPECIFIED,FALSE,,,,,,,,ATL:5 GRI:7070756:3279848,0,0,http://tun.fi/MHG.2705622#1,,,,,,,,,,4/20/2007,4/27/2007,,,2007-04-20 - 2007-04-27,"Björklund, Mats",63.668896,63.668906,22.547206,22.547225,63.668901,22.547216,7070756,7070757,3279848,3279849,7067795,7067796,279765,279766,707,327,7070,3279,2000,2000,2007,4,,110,117,1,REPORTED_VALUE,Suomi,Keski-Pohjanmaa (KP),Pietarsaari,COORDINATES,COORDINATES,COORDINATES,,Suomi,Pietarsaari,,,Fäboda,,0,http://tun.fi/MHD.334628,PUBLIC,NONE,,FALSE,http://tun.fi/HR.447,2,,,,http://tun.fi/KE.7,,,,,,,,0,8620,86,207,25,-133,340,191,84,27,31,537,71,141,-81,106,127,-41,171,28
http://tun.fi/MHU.2728387,haahka,,,,NEUTRAL,,,,http://tun.fi/MX.26419,Somateria mollissima,haahka,Common Eider,ejder,,12,,12,HUMAN_OBSERVATION_UNSPECIFIED,HUMAN_OBSERVATION_UNSPECIFIED,FALSE,,,,,,,,Aurinkoista +16 *C,0,0,http://tun.fi/MHG.2728379,,,,,,,,,,7/1/2007,7/2/2007,,,2007-07-01 - 2007-07-02,"Mattila, Raine",61.083489,61.08446,21.327178,21.328861,61.083974,21.328019,6788200,6788300,3194300,3194400,6785352,6785452,194253,194353,678,319,6788,3194,2000,2000,2007,7,,182,183,100,REPORTED_VALUE,Suomi,Varsinais-Suomi (V),Pyhäranta,COORDINATES,COORDINATES,COORDINATES,,Suomi,Pyhäranta,,,Rihtniemi,,0,http://tun.fi/MHD.337337,PUBLIC,NONE,,FALSE,http://tun.fi/HR.447,2,,,,http://tun.fi/KE.7,,,,,,,,0,7835,76,208,25,-96,304,201,99,32,29,604,74,149,-52,135,137,32,177,45
http://tun.fi/MHU.2817866,Somateria mollissima,,,,NEUTRAL,,,,http://tun.fi/MX.26419,Somateria mollissima,haahka,Common Eider,ejder,,"/6, 8juv",,8,HUMAN_OBSERVATION_UNSPECIFIED,HUMAN_OBSERVATION_UNSPECIFIED,FALSE,,,,,,,,ATL:73 GRI:6688575:3228475,0,0,http://tun.fi/MHG.2817854#9,,,,,,,,,,6/4/2007,7/24/2007,,,2007-06-04 - 2007-07-24,"Holvitie, Mikko",60.217816,60.217826,22.09564,22.095656,60.217821,22.095648,6688575,6688576,3228475,3228476,6685767,6685768,228415,228416,668,322,6688,3228,2000,2000,2007,,,155,205,1,REPORTED_VALUE,Suomi,Varsinais-Suomi (V),Parainen,COORDINATES,COORDINATES,COORDINATES,,Suomi,Nauvo,,,Lillandet,,0,http://tun.fi/MHD.349661,PUBLIC,NONE,,FALSE,http://tun.fi/HR.447,2,,,,http://tun.fi/KE.7,,,,,,,,0,7839,73,214,24,-85,299,207,105,33,28,645,74,157,-44,154,108,38,180,53
